Adriana Neumann de Oliveira;7557047250086592;2014;2018
Alexandre Tavares Baraviera;9959735800204906;2014;2018
Álvaro Krüger Ramos;3098744069257239;2014;2018
Alveri Alves Sant'Ana;3221572278471780;2014;2018
Antonio Paques;5633992122752080;2014;2018
Artur Oscar Lopes;9609055739362569;2014;2018
Bárbara Seelig Pogorelsky;5257746725187169;2014;2018
Carlos Felipe Lardizabal Rodrigues;6764537889916908;2014;2018
Diego Marcon Farias;8281487010851553;2014;2018
Eduardo Henrique de Mattos Brietzke;0093665461050218;2014;2018
Fagner Bernardini Rodrigues;0306059083495822;2014;2018
Francisco Vanderson Moreira de Lima;0778548212827533;2014;2018
Jaime Bruck Ripoll;2876306500608227;2014;2018
Jairo Krás Mengue;2141939467104535;2014;2018
Joana Mohr;8553573066407364;2014;2018
João Matheus Jury Giraldi;6327335253398458;2014;2018
Jose Plinio de Oliveira Santos;1189108129010535;2014;2018
Leonardo Prange Bonorino;3395127562892518;2014;2018
Lucas da Silva Oliveira;0948696188796364;2014;2018
Lucas Henrique Backes;1765268304323370;2014;2018
Miriam Telichevesky;5493009948924493;2014;2018
Paulo Ricardo de Avila Zingano;2021449507113948;2014;2018
Pedro Walmsley Frejlich;7324653827760266;2014;2018
Rafael Rigão Souza;1073654513865903;2014;2018
Ricardo Misturini;3595834966020567;2014;2018
Silvia Regina Costa Lopes;0811754132547633;2014;2018
Thaisa Raupp Tamusiunas;6938133528717962;2014;2018
Wagner de Oliveira Cortes;8811543307134909;2014;2018
Wanderley Nunes do Nascimento;6150263588608389;2014;2018